{
  "pr_auc": 0.22772181016232176,
  "top1pct_precision": 0.25807407407407407,
  "top1pct_recall": 0.38556883576803896
}